question,answer,llm,emb_model,vector_store,top_k,retrieval_time_s,generation_time_s,retrieved_sources,context_preview,chunk_config
What is the Transformer architecture and how does self-attention work?,"The Transformer's architecture consists of multiple stacks of layers, including encoders and decoders. Self-attention allows elements within sequences or inputs to be directly compared without needing any additional transformations like normalization or pooling. It works through parallel computation across all heads simultaneously, reducing redundancy while maintaining efficiency. By employing separate query, key, value projections per head, followed by scaling before summation along dimensions, the system can focus on relevant parts of the data efficiently during computations. These components collectively enable powerful processing capabilities suitable for tasks requiring complex relationships among sequential items.",qwen,minilm,chroma,5,0.01,8.963,"['sample paper 1.pdf', 'sample paper 1.pdf', 'sample paper 1.pdf', 'sample paper 1.pdf', 'sample paper 5.pdf']","[Source: sample paper 1.pdf]
. This makes it more difficult to learn dependencies between distant positions [ 12]. In the Transformer this is reduced to a constant number of operations, albeit at the cost of reduced effective resolution due to averaging attention-weighted positions, an effect we counteract with Multi-Head Attention as described in section 3.2

[Source: sample paper 1.pdf]
Figure 1: The Transformer - model architecture. The Transformer follows this overall architecture using stac",medium
What is the Transformer architecture and how does self-attention work?,"The Transformer's architecture consists of multiple stacks of layers, including encoders and decoders. Self-attention allows elements within sequences or data points to be compared directly without needing additional transformations like normalization functions. It works by computing weighted sums across all possible pairs of inputs through dot products before applying softmax function followed by scaling back down into original dimensions.

Self-Attention Mechanism Explanation:

In the Transformer, each element $X_i$ can interact only with other elements via their corresponding weights calculated as $\frac{e^{i,j}}{\sqrt{d_k}}$, which results in linear combinations along rows during summation; thus allowing direct comparison among any pair $(i, j)$ regardless of position differences since they're treated equally under similarity computations irrespective of distance apart.",qwen,minilm,faiss,5,0.01,12.705,"['sample paper 1.pdf', 'sample paper 1.pdf', 'sample paper 1.pdf', 'sample paper 1.pdf', 'sample paper 5.pdf']","[Source: sample paper 1.pdf]
. This makes it more difficult to learn dependencies between distant positions [ 12]. In the Transformer this is reduced to a constant number of operations, albeit at the cost of reduced effective resolution due to averaging attention-weighted positions, an effect we counteract with Multi-Head Attention as described in section 3.2

[Source: sample paper 1.pdf]
Figure 1: The Transformer - model architecture. The Transformer follows this overall architecture using stac",medium
How does BERT differ from GPT in terms of pre-training approach?,"Based solely on the given context, **GPT** differs significantly from **BERT** by using a different architecture specifically designed for right-to-left processing rather than allowing both directions like BERT's Bidirectional Transformer Model. Additionally, while they share similar objectives such as improving language understanding through extensive exposure to diverse texts, their approaches diverge notably regarding data input format, where GPT utilizes specific tokens introduced post-processing, unlike BERT’s continuous learning throughout its entire training phase including embeddings related to sentences' divisions into parts or segments. These distinctions highlight fundamental architectural choices influencing each model's effectiveness within natural language processing applications.",qwen,minilm,chroma,5,0.014,9.929,"['sample paper 2.pdf', 'sample paper 2.pdf', 'sample paper 2.pdf', 'sample paper 2.pdf', 'sample paper 3.pdf']","[Source: sample paper 2.pdf]
. The core argument of this work is that the bi-directionality and the two pre- training tasks presented in Section 3.1 account for the majority of the empirical improvements, but we do note that there are several other differences between how BERT and GPT were trained:   GPT is trained on the BooksCorpus (800M words); BERT is trained on the BooksCor- pus (800M words) and Wikipedia (2,500M words)

[Source: sample paper 2.pdf]
. The most comparable existing pre-traini",medium
How does BERT differ from GPT in terms of pre-training approach?,"The main difference lies in their pre-trained models' architecture. While both use Transformers, they employ different approaches:

1. **Pre-processing**: Both train using sentences separated by `[SEP]` tokens introduced after fine tuning.
   
2. **Sentence Representation**:
    - **BERT** includes additional embeddings representing `A`, `B`, etc., learned through pretraining.
    
3. **Batch Size During Training**:  
    - **BERT** has a larger batch size (`128,000`) than **GPT's** smaller batch size (`32,000`). 

4. **Training Steps**:  
    - **BERT** completes its training process over 1 million steps while **GPT** runs for just under 1 million steps.

These distinctions result in variations in computational efficiency and effectiveness across various downstream applications such as NLP tasks like sentiment analysis or named entity recognition. However, despite these minor architectural deviations, both models aim to achieve similar levels of accuracy when applied correctly within specific contexts.",qwen,minilm,faiss,5,0.008,17.75,"['sample paper 2.pdf', 'sample paper 2.pdf', 'sample paper 2.pdf', 'sample paper 2.pdf', 'sample paper 3.pdf']","[Source: sample paper 2.pdf]
. The core argument of this work is that the bi-directionality and the two pre- training tasks presented in Section 3.1 account for the majority of the empirical improvements, but we do note that there are several other differences between how BERT and GPT were trained:   GPT is trained on the BooksCorpus (800M words); BERT is trained on the BooksCor- pus (800M words) and Wikipedia (2,500M words)

[Source: sample paper 2.pdf]
. The most comparable existing pre-traini",medium
What is Retrieval-Augmented Generation and what are its advantages?,"Retrieval-Augmented Generation refers to a method where part of the generation process involves retrieving relevant data through a separate system called retrieval augmentation. This technique leverages existing datasets by integrating them directly within the training phase rather than relying solely on generative algorithms like transformers. Its primary advantage lies in enhancing efficiency during inference while maintaining high accuracy rates compared to traditional approaches. By leveraging external databases, researchers aim at improving both speed and precision in processing large volumes of text related to specific topics or questions. Additionally, this methodology allows for greater flexibility since different types of queries can be addressed effectively depending upon the nature of the dataset used for retrieval. Overall, Retrieval-Augmented Generation offers a promising solution towards accelerating the development of intelligent systems capable not only of generating new content but also understanding complex relationships between pieces of textual material efficiently.",qwen,minilm,chroma,5,0.011,13.311,"['sample paper 4.pdf', 'sample paper 4.pdf', 'sample paper 4.pdf', 'sample paper 4.pdf', 'sample paper 4.pdf']","[Source: sample paper 4.pdf]
. We conducted an thorough investigation of the learned retrieval component, validating its effectiveness, and we illustrated how the retrieval index can be hot-swapped to update the model without requiring any retraining. In future work, it may be fruitful to investigate if the two components can be jointly pre-trained from scratch, either with a denoising objective similar to BART or some another objective

[Source: sample paper 4.pdf]
Retrieval-Augmented Generatio",medium
What is Retrieval-Augmented Generation and what are its advantages?,"Retrieval-Augmented Generation combines traditional generative methods with document-retrieving techniques by leveraging large-scale pretrained language models' ability to access vast amounts of text data through efficient query mechanisms like vector embeddings. This integration allows the generation process to benefit significantly from prior knowledge about relevant content before generating new outputs. Its primary advantage lies in enhancing both efficiency and quality of generated texts while reducing dependency on human input during training phases. By doing so, RA-G generates coherent, well-informed responses tailored specifically towards user needs or objectives. Additionally, since it leverages existing datasets rather than creating them anew, there's potential savings in terms of computational resources required for processing inputs compared to purely end-to-end approaches where all necessary elements must first be created independently. Overall, RA-G offers a promising avenue toward improving various natural language processing applications beyond just simple translation capabilities but instead providing deeper insights into specific topics within those domains.",qwen,minilm,faiss,5,0.007,14.809,"['sample paper 4.pdf', 'sample paper 4.pdf', 'sample paper 4.pdf', 'sample paper 4.pdf', 'sample paper 4.pdf']","[Source: sample paper 4.pdf]
. We conducted an thorough investigation of the learned retrieval component, validating its effectiveness, and we illustrated how the retrieval index can be hot-swapped to update the model without requiring any retraining. In future work, it may be fruitful to investigate if the two components can be jointly pre-trained from scratch, either with a denoising objective similar to BART or some another objective

[Source: sample paper 4.pdf]
Retrieval-Augmented Generatio",medium
Explain the LoRA method for fine-tuning large language models.,"LoRA stands for Low Rank Adaptation, designed specifically for transformers like those used in natural language processing tasks such as NLP applications. It involves updating low-rank parameterized update matrices instead of traditional high-dimensional weight matrices during the fine-tuning process. By doing so, LoRA reduces computational complexity without significantly compromising model accuracy compared to state-of-the-art techniques like NeTuning. Specifically:

1. **Matrix Update**: Instead of using standard dense layer weight matrices with arbitrary dimensions, LoRA uses lower-rank updates represented by smaller matrices.
   
2. **Training Process**:
   - During training, each iteration computes gradients through the updated matrices rather than directly computing them via forward pass followed by backward propagation.
  
3. **Rank Selection**: For different types of networks including Transformers, LoRA selects appropriate ranks depending upon their inherent properties; e.g., selecting the same rank across multiple transformer blocks ensures consistency between representations learned at various levels within the architecture.

4. **Empirical Performance**: Empirically validated against popular benchmarks like Roberta, Deberta, GPT-2, and GPT-3, LoRA shows comparable results but requires less memory storage space due to reduced dimensionality of operations involved.

In summary, LoRA offers efficient scaling solutions suitable for handling larger datasets efficiently where conventional approaches might face challenges related to increased computation costs associated with increasing numbers of parameters required for accurate representation capturing capabilities. Its effectiveness lies not just in reducing overall resource consumption but also maintaining predictive power similar to much larger pretrained models under consideration.",qwen,minilm,chroma,5,0.011,25.411,"['sample paper 5.pdf', 'sample paper 5.pdf', 'sample paper 5.pdf', 'sample paper 5.pdf', 'sample paper 5.pdf']","[Source: sample paper 5.pdf]
tuning. 3) We mostly depend on heuristics to select the weight matrices to apply LoRA to. Are there more principled ways to do it? 4) Finally, the rank-de ciency of  W suggests that W could be rank-de cient as well, which can also be a source of inspiration for future works. REFERENCES Armen Aghajanyan, Luke Zettlemoyer, and Sonal Gupta. Intrinsic Dimensionality Explains the Effectiveness of Language Model Fine-Tuning. arXiv:2012.13255 [cs], December 2020. URL http:/",medium
Explain the LoRA method for fine-tuning large language models.,"Based solely on the given text:

LoRA stands for Low Rank Adaptation and is designed specifically for adapting large-scale pretrained transformers like those used in BERT-like architectures. It involves updating some but not all parameter matrices within each layer with low-dimensional vectors instead of using high-dimensional ones found in traditional transformer architecture's self-attention mechanism. By doing so, LoRA reduces computational costs without significantly compromising accuracy compared to standard approaches such as NeTuning. Essentially, LoRA allows you to leverage your existing knowledge about how different parts of a model work together through lower dimensional representations rather than trying to learn them anew during retraining phases. Through careful selection of what part(s) should adapt via LoRA along with their corresponding update vector dimensions, one aims at maximizing efficiency gains relative to fully trained counterparts yet still retaining sufficient capacity needed for effective downstream tasks.",qwen,minilm,faiss,5,0.008,14.053,"['sample paper 5.pdf', 'sample paper 5.pdf', 'sample paper 5.pdf', 'sample paper 5.pdf', 'sample paper 5.pdf']","[Source: sample paper 5.pdf]
tuning. 3) We mostly depend on heuristics to select the weight matrices to apply LoRA to. Are there more principled ways to do it? 4) Finally, the rank-de ciency of  W suggests that W could be rank-de cient as well, which can also be a source of inspiration for future works. REFERENCES Armen Aghajanyan, Luke Zettlemoyer, and Sonal Gupta. Intrinsic Dimensionality Explains the Effectiveness of Language Model Fine-Tuning. arXiv:2012.13255 [cs], December 2020. URL http:/",medium
What are the key results of GPT-3 on few-shot learning benchmarks?,"Based solely on the provided text:

GPT-3 achieved an impressive performance across different few-shot learning scenarios. Here's how it performed on various benchmark tasks:

- **Trivial QA**: Achieved 64.3% accuracy in the zero-shot setting.
- **One-Shot Learning**: Reached 68.0% accuracy.
- **Few-Shot Learning**: Perfected at 71.2%.

The study highlights that GPT-3 demonstrated significant improvements compared to previous methods, achieving higher scores than both baseline systems like T5-11B and those specifically trained for answering questions.

These findings indicate strong generalization capabilities and robustness against unseen data, making GPT-3 highly effective for many downstream applications requiring limited training samples but high precision or efficiency.",qwen,minilm,chroma,5,0.011,13.099,"['sample paper 3.pdf', 'sample paper 3.pdf', 'sample paper 3.pdf', 'sample paper 3.pdf', 'sample paper 3.pdf']","[Source: sample paper 3.pdf]
. Scaling is relatively smooth with the gains to few-shot learning increasing with model size, and few-shot GPT-3 175B is competitive with a  ne-tuned RoBERTA-large. each translation task improves performance by over 7 BLEU and nears competitive performance with prior work. GPT-3 in the full few-shot setting further improves another 4 BLEU resulting in similar average performance to prior unsupervised NMT work. GPT-3 has a noticeable skew in its performance depending",medium
What are the key results of GPT-3 on few-shot learning benchmarks?,"GPT-3 achieved an accuracy score of **82.8**% in the few-shot setting when tested against PIQA's test server. Additionally, it demonstrated superior performance compared to previous methods across different benchmark tasks such as Zero-Shot Accuracy at **81.0**, One-Shot Accuracy at **80.5**, and Few-Shot Accuracy at **82.8**%. These scores highlight significant improvements relative to existing machine translation systems like T5-11B or those that focus specifically on QA tailoring.",qwen,minilm,faiss,5,0.008,9.195,"['sample paper 3.pdf', 'sample paper 3.pdf', 'sample paper 3.pdf', 'sample paper 3.pdf', 'sample paper 3.pdf']","[Source: sample paper 3.pdf]
. Scaling is relatively smooth with the gains to few-shot learning increasing with model size, and few-shot GPT-3 175B is competitive with a  ne-tuned RoBERTA-large. each translation task improves performance by over 7 BLEU and nears competitive performance with prior work. GPT-3 in the full few-shot setting further improves another 4 BLEU resulting in similar average performance to prior unsupervised NMT work. GPT-3 has a noticeable skew in its performance depending",medium
